raw_filename,degraded_filename,restored_filename,degradation_type,predicted_problem,mse_degraded,mse_restored,mse_improvement,psnr_degraded,psnr_restored,psnr_improvement,ssim_degraded,ssim_restored,ssim_improvement,comparison_path
raw_0001.png,deg_0001_dark.png,res_0001_dark.png,dark,dark,2965.82958984375,781.9993286132812,2183.8302612304688,13.4093416708069,19.198739806720933,5.789398135914034,0.6913825869560242,0.9411541223526001,0.24977153539657593,comparisons\dark\cmp_0001_dark.png
raw_0001.png,deg_0001_low_contrast.png,res_0001_low_contrast.png,low_contrast,low_contrast,1400.1602783203125,1325.1287841796875,75.031494140625,16.669026080426253,16.90822273130417,0.23919665087791842,0.8629544377326965,0.9216185212135315,0.05866408348083496,comparisons\low_contrast\cmp_0001_low_contrast.png
raw_0001.png,deg_0001_blurry.png,res_0001_blurry.png,blurry,dark,80.8335952758789,1353.9422607421875,-1273.1086654663086,29.05488465308864,16.81480216737199,-12.240082485716648,0.8644746541976929,0.7914722561836243,-0.0730023980140686,comparisons\blurry\cmp_0001_blurry.png
raw_0001.png,deg_0001_noisy.png,res_0001_noisy.png,noisy,dark,584.0321044921875,1818.6553955078125,-1234.623291015625,20.466436397476798,15.533299454809006,-4.933136942667792,0.33021268248558044,0.27925944328308105,-0.05095323920249939,comparisons\noisy\cmp_0001_noisy.png
raw_0001.png,deg_0001_color_shift.png,res_0001_color_shift.png,color_shift,dark,456.31671142578125,1662.529296875,-1206.2125854492188,21.538139868857318,15.923110537444716,-5.615029331412602,0.992997407913208,0.9206882119178772,-0.07230919599533081,comparisons\color_shift\cmp_0001_color_shift.png
raw_0002.png,deg_0002_dark.png,res_0002_dark.png,dark,dark,5166.091796875,1874.3031005859375,3291.7886962890625,10.999182419338124,15.402405372469017,4.403222953130893,0.6385588049888611,0.867291271686554,0.22873246669769287,comparisons\dark\cmp_0002_dark.png
raw_0002.png,deg_0002_low_contrast.png,res_0002_low_contrast.png,low_contrast,low_contrast,1656.9105224609375,905.4591064453125,751.451416015625,15.937813048630037,18.56211519962932,2.6243021509992843,0.7948768138885498,0.9494408369064331,0.1545640230178833,comparisons\low_contrast\cmp_0002_low_contrast.png
raw_0002.png,deg_0002_blurry.png,res_0002_blurry.png,blurry,blurry,241.3111572265625,220.2415313720703,21.069625854492188,24.30502958520213,24.70181142758119,0.39678184237905967,0.8026455640792847,0.8175775408744812,0.014931976795196533,comparisons\blurry\cmp_0002_blurry.png
raw_0002.png,deg_0002_noisy.png,res_0002_noisy.png,noisy,noisy,560.8035888671875,159.92367553710938,400.8799133300781,20.642695766293,26.091675982224515,5.448980215931517,0.5108434557914734,0.7830542325973511,0.2722107768058777,comparisons\noisy\cmp_0002_noisy.png
raw_0002.png,deg_0002_color_shift.png,res_0002_color_shift.png,color_shift,normal,612.0784301757812,612.0784301757812,0.0,20.262732857645588,20.262732857645588,0.0,0.9943113923072815,0.9943113923072815,0.0,comparisons\color_shift\cmp_0002_color_shift.png
raw_0003.png,deg_0003_dark.png,res_0003_dark.png,dark,dark,2530.5888671875,647.667724609375,1882.921142578125,14.09858767750478,20.017281055822753,5.918693378317974,0.6233128309249878,0.9020912647247314,0.27877843379974365,comparisons\dark\cmp_0003_dark.png
raw_0003.png,deg_0003_low_contrast.png,res_0003_low_contrast.png,low_contrast,low_contrast,1841.2969970703125,1575.48876953125,265.8082275390625,15.47956515989214,16.156650491039983,0.6770853311478433,0.723957359790802,0.8709321022033691,0.14697474241256714,comparisons\low_contrast\cmp_0003_low_contrast.png
raw_0003.png,deg_0003_blurry.png,res_0003_blurry.png,blurry,dark,361.1003723144531,1535.3111572265625,-1174.2107849121094,22.55452424659225,16.268839548840383,-6.2856846977518686,0.6333604454994202,0.5572469830513,-0.07611346244812012,comparisons\blurry\cmp_0003_blurry.png
raw_0003.png,deg_0003_noisy.png,res_0003_noisy.png,noisy,dark,541.4963989257812,1743.534423828125,-1202.0380249023438,20.794847880540548,15.71649834489431,-5.078349535646238,0.5704437494277954,0.48845213651657104,-0.08199161291122437,comparisons\noisy\cmp_0003_noisy.png
raw_0003.png,deg_0003_color_shift.png,res_0003_color_shift.png,color_shift,dark,369.8225402832031,1217.4560546875,-847.6335144042969,22.450869834598684,17.276270669986268,-5.174599164612417,0.9943799376487732,0.8895409107208252,-0.104839026927948,comparisons\color_shift\cmp_0003_color_shift.png
raw_0004.png,deg_0004_dark.png,res_0004_dark.png,dark,dark,2551.431640625,751.8285522460938,1799.6030883789062,14.062964239029936,19.369615459446763,5.306651220416827,0.6764991283416748,0.9138018488883972,0.2373027205467224,comparisons\dark\cmp_0004_dark.png
raw_0004.png,deg_0004_low_contrast.png,res_0004_low_contrast.png,low_contrast,low_contrast,2246.21484375,1549.0789794921875,697.1358642578125,14.616290679839851,16.230068001240518,1.6137773214006668,0.6254020929336548,0.7218270301818848,0.09642493724822998,comparisons\low_contrast\cmp_0004_low_contrast.png
raw_0004.png,deg_0004_blurry.png,res_0004_blurry.png,blurry,dark,112.75379180908203,1074.159423828125,-961.405632019043,27.609492051376826,17.82011617911628,-9.789375872260546,0.8769038915634155,0.7116526961326599,-0.16525119543075562,comparisons\blurry\cmp_0004_blurry.png
raw_0004.png,deg_0004_noisy.png,res_0004_noisy.png,noisy,dark,512.6622924804688,1647.1796875,-1134.5173950195312,21.03248985635229,15.963393828073865,-5.069096028278423,0.374817430973053,0.288889080286026,-0.08592835068702698,comparisons\noisy\cmp_0004_noisy.png
raw_0004.png,deg_0004_color_shift.png,res_0004_color_shift.png,color_shift,dark,349.8770751953125,1189.992431640625,-840.1153564453125,22.691648734931547,17.375361615822417,-5.3162871191091305,0.9963655471801758,0.8212772607803345,-0.1750882863998413,comparisons\color_shift\cmp_0004_color_shift.png
raw_0005.png,deg_0005_dark.png,res_0005_dark.png,dark,dark,8650.5185546875,3408.117431640625,5242.401123046875,8.760382188725469,12.805658102677091,4.045275913951622,0.6850135922431946,0.8736671805381775,0.1886535882949829,comparisons\dark\cmp_0005_dark.png
raw_0005.png,deg_0005_low_contrast.png,res_0005_low_contrast.png,low_contrast,low_contrast,1322.8521728515625,595.9384765625,726.9136962890625,16.915690458579405,20.378789344642314,3.463098886062909,0.8945332169532776,0.9732226133346558,0.07868939638137817,comparisons\low_contrast\cmp_0005_low_contrast.png
raw_0005.png,deg_0005_blurry.png,res_0005_blurry.png,blurry,blurry,93.66963958740234,85.04816436767578,8.621475219726562,28.41481511669169,28.834154163889565,0.4193390471978766,0.8961839079856873,0.9041365385055542,0.007952630519866943,comparisons\blurry\cmp_0005_blurry.png
raw_0005.png,deg_0005_noisy.png,res_0005_noisy.png,noisy,noisy,583.77734375,120.28173828125,463.49560546875,20.468331247470676,27.328806650801035,6.8604754033303585,0.367123007774353,0.7268898487091064,0.3597668409347534,comparisons\noisy\cmp_0005_noisy.png
raw_0005.png,deg_0005_color_shift.png,res_0005_color_shift.png,color_shift,color_shift,960.1165771484375,65.35025787353516,894.7663192749023,18.30756392684083,29.978330552125193,11.670766625284362,0.9966562390327454,0.9973541498184204,0.0006979107856750488,comparisons\color_shift\cmp_0005_color_shift.png
raw_0006.png,deg_0006_dark.png,res_0006_dark.png,dark,dark,9605.6572265625,3572.169677734375,6033.487548828125,8.305532758862766,12.601482812131103,4.295950053268337,0.710504412651062,0.8818933367729187,0.1713889241218567,comparisons\dark\cmp_0006_dark.png
raw_0006.png,deg_0006_low_contrast.png,res_0006_low_contrast.png,low_contrast,low_contrast,969.807373046875,1165.2989501953125,-195.4915771484375,18.26394879313399,17.466430056647447,-0.7975187364865448,0.93819260597229,0.9610925316810608,0.022899925708770752,comparisons\low_contrast\cmp_0006_low_contrast.png
raw_0006.png,deg_0006_blurry.png,res_0006_blurry.png,blurry,low_contrast,51.2371711730957,611.9631958007812,-560.7260246276855,31.03495216723997,20.263550569270325,-10.771401597969646,0.8987655639648438,0.8739873170852661,-0.024778246879577637,comparisons\blurry\cmp_0006_blurry.png
raw_0006.png,deg_0006_noisy.png,res_0006_noisy.png,noisy,low_contrast,612.4067993164062,3005.226806640625,-2392.8200073242188,20.260403570108515,13.352031067736036,-6.90837250237248,0.27435994148254395,0.10845641046762466,-0.16590353101491928,comparisons\noisy\cmp_0006_noisy.png
raw_0006.png,deg_0006_color_shift.png,res_0006_color_shift.png,color_shift,low_contrast,1282.5438232421875,1882.737548828125,-600.1937255859375,17.050081474215986,15.3829057671941,-1.6671757070218867,0.9965528845787048,0.8932856917381287,-0.10326719284057617,comparisons\color_shift\cmp_0006_color_shift.png
raw_0007.png,deg_0007_dark.png,res_0007_dark.png,dark,dark,6414.71630859375,2376.34033203125,4038.3759765625,10.059029064448271,14.371717218067994,4.312688153619723,0.6757476925849915,0.8866101503372192,0.21086245775222778,comparisons\dark\cmp_0007_dark.png
raw_0007.png,deg_0007_low_contrast.png,res_0007_low_contrast.png,low_contrast,low_contrast,1624.769287109375,956.1844482421875,668.5848388671875,16.022886598292278,18.325386849859967,2.3025002515676896,0.7906607985496521,0.8813149333000183,0.09065413475036621,comparisons\low_contrast\cmp_0007_low_contrast.png
raw_0007.png,deg_0007_blurry.png,res_0007_blurry.png,blurry,blurry,94.87255096435547,88.34319305419922,6.52935791015625,28.359397826773556,28.669072686310926,0.3096748595373704,0.8168105483055115,0.8238763809204102,0.007065832614898682,comparisons\blurry\cmp_0007_blurry.png
raw_0007.png,deg_0007_noisy.png,res_0007_noisy.png,noisy,noisy,566.058837890625,135.2311248779297,430.8277130126953,20.60218785433787,26.82003700275361,6.217849148415741,0.3750186562538147,0.6691752672195435,0.29415661096572876,comparisons\noisy\cmp_0007_noisy.png
raw_0007.png,deg_0007_color_shift.png,res_0007_color_shift.png,color_shift,color_shift,805.9366455078125,18.01163673400879,787.9250087738037,19.067794575092055,35.57527181515854,16.507477240066482,0.9970160722732544,0.9970828890800476,6.681680679321289e-05,comparisons\color_shift\cmp_0007_color_shift.png
raw_0008.png,deg_0008_dark.png,res_0008_dark.png,dark,dark,5394.63671875,2120.074951171875,3274.561767578125,10.81118156771016,14.867291460217231,4.056109892507072,0.6808022260665894,0.9206278324127197,0.23982560634613037,comparisons\dark\cmp_0008_dark.png
raw_0008.png,deg_0008_low_contrast.png,res_0008_low_contrast.png,low_contrast,low_contrast,1943.4219970703125,1733.4752197265625,209.94677734375,15.245132467839646,15.741627231321635,0.49649476348198895,0.7890653014183044,0.8557577133178711,0.06669241189956665,comparisons\low_contrast\cmp_0008_low_contrast.png
raw_0008.png,deg_0008_blurry.png,res_0008_blurry.png,blurry,blurry,116.64659118652344,111.8811264038086,4.765464782714844,27.462083091270294,27.643235307292365,0.18115221602207043,0.782268226146698,0.7896255850791931,0.007357358932495117,comparisons\blurry\cmp_0008_blurry.png
raw_0008.png,deg_0008_noisy.png,res_0008_noisy.png,noisy,noisy,550.3338012695312,162.5284423828125,387.80535888671875,20.72454173053994,26.021509876206117,5.2969681456661775,0.3739011287689209,0.6389358639717102,0.2650347352027893,comparisons\noisy\cmp_0008_noisy.png
raw_0008.png,deg_0008_color_shift.png,res_0008_color_shift.png,color_shift,color_shift,609.8110961914062,27.98661994934082,581.8244762420654,20.27885038295331,33.66129910632918,13.382448723375873,0.996804416179657,0.9970699548721313,0.00026553869247436523,comparisons\color_shift\cmp_0008_color_shift.png
raw_0009.png,deg_0009_dark.png,res_0009_dark.png,dark,dark,5275.73583984375,1909.4903564453125,3366.2454833984375,10.907973189083462,15.321628914830892,4.4136557257474305,0.656366765499115,0.878582775592804,0.22221601009368896,comparisons\dark\cmp_0009_dark.png
raw_0009.png,deg_0009_low_contrast.png,res_0009_low_contrast.png,low_contrast,low_contrast,1584.5089111328125,621.2599487304688,963.2489624023438,16.13185674902383,20.19807004367328,4.066213294649451,0.788969874382019,0.9329841732978821,0.14401429891586304,comparisons\low_contrast\cmp_0009_low_contrast.png
raw_0009.png,deg_0009_blurry.png,res_0009_blurry.png,blurry,blurry,140.55812072753906,129.33050537109375,11.227615356445312,26.652244188911713,27.01379386244576,0.36154967353404643,0.8602620363235474,0.8685840964317322,0.008322060108184814,comparisons\blurry\cmp_0009_blurry.png
raw_0009.png,deg_0009_noisy.png,res_0009_noisy.png,noisy,noisy,565.1438598632812,136.66976928710938,428.4740905761719,20.60921347398652,26.77407899582645,6.164865521839928,0.4377996623516083,0.7475001215934753,0.30970045924186707,comparisons\noisy\cmp_0009_noisy.png
raw_0009.png,deg_0009_color_shift.png,res_0009_color_shift.png,color_shift,normal,658.2293701171875,658.2293701171875,0.0,19.94703104308441,19.94703104308441,0.0,0.995267391204834,0.995267391204834,0.0,comparisons\color_shift\cmp_0009_color_shift.png
raw_0010.png,deg_0010_dark.png,res_0010_dark.png,dark,low_contrast,12144.140625,8694.8125,3449.328125,7.287135733056425,8.738201398073107,1.4510656650166824,0.6767137050628662,0.8151596188545227,0.1384459137916565,comparisons\dark\cmp_0010_dark.png
raw_0010.png,deg_0010_low_contrast.png,res_0010_low_contrast.png,low_contrast,low_contrast,2054.626708984375,1927.816162109375,126.810546875,15.003474314706214,15.280147439505438,0.276673124799224,0.8800702691078186,0.9526881575584412,0.07261788845062256,comparisons\low_contrast\cmp_0010_low_contrast.png
raw_0010.png,deg_0010_blurry.png,res_0010_blurry.png,blurry,blurry,157.6166534423828,150.8727264404297,6.743927001953125,26.154782586532516,26.34469622265009,0.1899136361175735,0.7774614095687866,0.7858433723449707,0.008381962776184082,comparisons\blurry\cmp_0010_blurry.png
raw_0010.png,deg_0010_noisy.png,res_0010_noisy.png,noisy,noisy,545.7520751953125,177.9830322265625,367.76904296875,20.76084965100275,25.627017594669958,4.866167943667207,0.3918667435646057,0.6512579321861267,0.259391188621521,comparisons\noisy\cmp_0010_noisy.png
raw_0010.png,deg_0010_color_shift.png,res_0010_color_shift.png,color_shift,color_shift,1533.6011962890625,54.28447341918945,1479.316722869873,16.273679222253847,30.784047315114258,14.51036809286041,0.9957017302513123,0.9963008165359497,0.0005990862846374512,comparisons\color_shift\cmp_0010_color_shift.png
raw_0011.png,deg_0011_dark.png,res_0011_dark.png,dark,dark,5013.65478515625,1620.03271484375,3393.6220703125,11.129259335319366,16.035565761199344,4.906306425879977,0.6363919973373413,0.8678597211837769,0.23146772384643555,comparisons\dark\cmp_0011_dark.png
raw_0011.png,deg_0011_low_contrast.png,res_0011_low_contrast.png,low_contrast,low_contrast,1213.1268310546875,444.9810791015625,768.145751953125,17.29174152624831,21.647388159914346,4.355646633666037,0.7889243364334106,0.959279477596283,0.17035514116287231,comparisons\low_contrast\cmp_0011_low_contrast.png
raw_0011.png,deg_0011_blurry.png,res_0011_blurry.png,blurry,blurry,114.86508178710938,101.03334045410156,13.831741333007812,27.528923347204387,28.086156486111392,0.5572331389070051,0.865273654460907,0.8772521615028381,0.011978507041931152,comparisons\blurry\cmp_0011_blurry.png
raw_0011.png,deg_0011_noisy.png,res_0011_noisy.png,noisy,noisy,590.853271484375,126.42937469482422,464.4238967895508,20.416007163594752,27.112323708951326,6.696316545356574,0.49898335337638855,0.7986790537834167,0.2996957004070282,comparisons\noisy\cmp_0011_noisy.png
raw_0011.png,deg_0011_color_shift.png,res_0011_color_shift.png,color_shift,color_shift,661.3295288085938,24.25275993347168,637.0767688751221,19.92662446190058,34.28319192953395,14.356567467633369,0.996880054473877,0.9980250000953674,0.0011449456214904785,comparisons\color_shift\cmp_0011_color_shift.png
raw_0012.png,deg_0012_dark.png,res_0012_dark.png,dark,dark,4405.8427734375,1496.430908203125,2909.411865234375,11.690513659757336,16.380236910641194,4.689723250883858,0.6551975011825562,0.8860766887664795,0.23087918758392334,comparisons\dark\cmp_0012_dark.png
raw_0012.png,deg_0012_low_contrast.png,res_0012_low_contrast.png,low_contrast,low_contrast,1647.0950927734375,896.5906372070312,750.5044555664062,15.96361687578787,18.604861615049366,2.641244739261495,0.799210786819458,0.9400724172592163,0.1408616304397583,comparisons\low_contrast\cmp_0012_low_contrast.png
raw_0012.png,deg_0012_blurry.png,res_0012_blurry.png,blurry,blurry,194.2817840576172,177.52720642089844,16.75457763671875,25.24648277993919,25.638154418258704,0.3916716383195151,0.8218957781791687,0.8343562483787537,0.012460470199584961,comparisons\blurry\cmp_0012_blurry.png
raw_0012.png,deg_0012_noisy.png,res_0012_noisy.png,noisy,noisy,561.7431640625,139.91949462890625,421.82366943359375,20.635425647398034,26.672021330098808,6.036595682700774,0.4493718445301056,0.7546970844268799,0.3053252398967743,comparisons\noisy\cmp_0012_noisy.png
raw_0012.png,deg_0012_color_shift.png,res_0012_color_shift.png,color_shift,normal,529.9063110351562,529.9063110351562,0.0,20.88881268997623,20.88881268997623,0.0,0.9958340525627136,0.9958340525627136,0.0,comparisons\color_shift\cmp_0012_color_shift.png
raw_0013.png,deg_0013_dark.png,res_0013_dark.png,dark,dark,4992.43115234375,1943.402099609375,3049.029052734375,11.14768276381428,15.245176932715205,4.0974941689009245,0.646008312702179,0.8817393183708191,0.23573100566864014,comparisons\dark\cmp_0013_dark.png
raw_0013.png,deg_0013_low_contrast.png,res_0013_low_contrast.png,low_contrast,low_contrast,1985.50732421875,1207.1357421875,778.37158203125,15.152088674222162,17.313242516916105,2.1611538426939436,0.7420024275779724,0.8789402842521667,0.13693785667419434,comparisons\low_contrast\cmp_0013_low_contrast.png
raw_0013.png,deg_0013_blurry.png,res_0013_blurry.png,blurry,blurry,391.4111633300781,367.5596923828125,23.851470947265625,22.20447152975884,22.4775248148227,0.2730532850638596,0.7512323260307312,0.764070451259613,0.012838125228881836,comparisons\blurry\cmp_0013_blurry.png
raw_0013.png,deg_0013_noisy.png,res_0013_noisy.png,noisy,noisy,535.781982421875,228.34469604492188,307.4372863769531,20.840922560494832,24.544894325324012,3.7039717648291806,0.5088114738464355,0.7324566841125488,0.22364521026611328,comparisons\noisy\cmp_0013_noisy.png
raw_0013.png,deg_0013_color_shift.png,res_0013_color_shift.png,color_shift,normal,555.88671875,555.88671875,0.0,20.680940628726884,20.680940628726884,0.0,0.9965946674346924,0.9965946674346924,0.0,comparisons\color_shift\cmp_0013_color_shift.png
raw_0014.png,deg_0014_dark.png,res_0014_dark.png,dark,dark,2653.412109375,726.3043823242188,1927.1077270507812,13.892756540713819,19.519616962831577,5.626860422117758,0.6251543760299683,0.8989728093147278,0.2738184332847595,comparisons\dark\cmp_0014_dark.png
raw_0014.png,deg_0014_low_contrast.png,res_0014_low_contrast.png,low_contrast,low_contrast,1825.003173828125,1178.4696044921875,646.5335693359375,15.518167368015305,17.41761975341088,1.8994523853955734,0.7069820761680603,0.8786904215812683,0.171708345413208,comparisons\low_contrast\cmp_0014_low_contrast.png
raw_0014.png,deg_0014_blurry.png,res_0014_blurry.png,blurry,dark,291.98876953125,1481.455078125,-1189.46630859375,23.477142129277183,16.42391873879525,-7.053223390481932,0.6908109188079834,0.5990447998046875,-0.0917661190032959,comparisons\blurry\cmp_0014_blurry.png
raw_0014.png,deg_0014_noisy.png,res_0014_noisy.png,noisy,dark,546.4136352539062,1751.26708984375,-1204.8534545898438,20.755588326365192,15.697279744649443,-5.05830858171575,0.5503062605857849,0.4755108654499054,-0.07479539513587952,comparisons\noisy\cmp_0014_noisy.png
raw_0014.png,deg_0014_color_shift.png,res_0014_color_shift.png,color_shift,dark,316.4955139160156,1289.8515625,-973.3560485839844,23.12712802265966,17.025406267674207,-6.101721754985455,0.9970777034759521,0.8777209520339966,-0.11935675144195557,comparisons\color_shift\cmp_0014_color_shift.png
raw_0015.png,deg_0015_dark.png,res_0015_dark.png,dark,dark,5039.9287109375,1764.7635498046875,3275.1651611328125,11.106559674115573,15.663938357866229,4.557378683750656,0.6833358407020569,0.9078558087348938,0.22451996803283691,comparisons\dark\cmp_0015_dark.png
raw_0015.png,deg_0015_low_contrast.png,res_0015_low_contrast.png,low_contrast,low_contrast,1620.3359375,848.1696166992188,772.1663208007812,16.034752965243626,18.845976498489247,2.81122353324562,0.8027819395065308,0.9015379548072815,0.09875601530075073,comparisons\low_contrast\cmp_0015_low_contrast.png
raw_0015.png,deg_0015_blurry.png,res_0015_blurry.png,blurry,blurry,43.28285217285156,38.149410247802734,5.133441925048828,31.767644894968058,32.315925322887985,0.5482804279199271,0.9393775463104248,0.9440334439277649,0.004655897617340088,comparisons\blurry\cmp_0015_blurry.png
raw_0015.png,deg_0015_noisy.png,res_0015_noisy.png,noisy,noisy,565.1348876953125,110.74002075195312,454.3948669433594,20.60928242269582,27.687757603080524,7.078475180384704,0.34982940554618835,0.7234141230583191,0.37358471751213074,comparisons\noisy\cmp_0015_noisy.png
raw_0015.png,deg_0015_color_shift.png,res_0015_color_shift.png,color_shift,normal,645.5645141601562,645.5645141601562,0.0,20.031407110993605,20.031407110993605,0.0,0.9956141114234924,0.9956141114234924,0.0,comparisons\color_shift\cmp_0015_color_shift.png
raw_0016.png,deg_0016_dark.png,res_0016_dark.png,dark,dark,3542.27392578125,1033.638427734375,2508.635498046875,12.63798218509806,17.98711714084197,5.34913495574391,0.6163264513015747,0.8780145645141602,0.26168811321258545,comparisons\dark\cmp_0016_dark.png
raw_0016.png,deg_0016_low_contrast.png,res_0016_low_contrast.png,low_contrast,low_contrast,1523.962646484375,899.6453247070312,624.3173217773438,16.30106038631078,18.590090335192823,2.2890299488820425,0.7211809754371643,0.8955525755882263,0.174371600151062,comparisons\low_contrast\cmp_0016_low_contrast.png
raw_0016.png,deg_0016_blurry.png,res_0016_blurry.png,blurry,blurry,262.5597229003906,246.56704711914062,15.99267578125,23.93852255503251,24.211453267696076,0.27293071266356606,0.654107928276062,0.6727336049079895,0.01862567663192749,comparisons\blurry\cmp_0016_blurry.png
raw_0016.png,deg_0016_noisy.png,res_0016_noisy.png,noisy,noisy,569.1236572265625,207.4293212890625,361.6943359375,20.578737222119447,24.96210214533386,4.383364923214412,0.5703372359275818,0.7284092307090759,0.15807199478149414,comparisons\noisy\cmp_0016_noisy.png
raw_0016.png,deg_0016_color_shift.png,res_0016_color_shift.png,color_shift,normal,434.43701171875,434.43701171875,0.0,21.75153543134978,21.75153543134978,0.0,0.9969321489334106,0.9969321489334106,0.0,comparisons\color_shift\cmp_0016_color_shift.png
raw_0017.png,deg_0017_dark.png,res_0017_dark.png,dark,dark,3698.67333984375,1263.004150390625,2435.669189453125,12.450343839639352,17.116755831638983,4.666411991999631,0.689826488494873,0.9316691756248474,0.24184268712997437,comparisons\dark\cmp_0017_dark.png
raw_0017.png,deg_0017_low_contrast.png,res_0017_low_contrast.png,low_contrast,low_contrast,1903.8426513671875,1380.6842041015625,523.158447265625,15.334493088713387,16.729860045915853,1.3953669572024658,0.7648280262947083,0.8334525227546692,0.06862449645996094,comparisons\low_contrast\cmp_0017_low_contrast.png
raw_0017.png,deg_0017_blurry.png,res_0017_blurry.png,blurry,blurry,82.30684661865234,76.00072479248047,6.306121826171875,28.976443977695507,29.322626268519368,0.34618229082386165,0.8963990211486816,0.9021865129470825,0.005787491798400879,comparisons\blurry\cmp_0017_blurry.png
raw_0017.png,deg_0017_noisy.png,res_0017_noisy.png,noisy,noisy,538.4932861328125,116.08031463623047,422.41297149658203,20.819000679296362,27.48321784279431,6.664217163497948,0.33961591124534607,0.6967149972915649,0.35709908604621887,comparisons\noisy\cmp_0017_noisy.png
raw_0017.png,deg_0017_color_shift.png,res_0017_color_shift.png,color_shift,dark,500.5003356933594,1334.0008544921875,-833.5005187988281,21.136759877644117,16.879242531006312,-4.257517346637805,0.9933607578277588,0.8860524296760559,-0.10730832815170288,comparisons\color_shift\cmp_0017_color_shift.png
raw_0018.png,deg_0018_dark.png,res_0018_dark.png,dark,dark,6457.84912109375,2370.712646484375,4087.136474609375,10.029924667711397,14.382014444304794,4.352089776593397,0.6469643712043762,0.858942985534668,0.21197861433029175,comparisons\dark\cmp_0018_dark.png
raw_0018.png,deg_0018_low_contrast.png,res_0018_low_contrast.png,low_contrast,low_contrast,1335.091064453125,620.6988525390625,714.3922119140625,16.87569471616246,20.20199418344466,3.326299467282201,0.8257033824920654,0.9669315218925476,0.14122813940048218,comparisons\low_contrast\cmp_0018_low_contrast.png
raw_0018.png,deg_0018_blurry.png,res_0018_blurry.png,blurry,blurry,248.96585083007812,232.294677734375,16.671173095703125,24.16940579286786,24.470411013779263,0.3010052209114029,0.7703925967216492,0.7821695804595947,0.011776983737945557,comparisons\blurry\cmp_0018_blurry.png
raw_0018.png,deg_0018_noisy.png,res_0018_noisy.png,noisy,noisy,579.1744384765625,173.15121459960938,406.0232238769531,20.502709745875688,25.746548185368173,5.243838439492485,0.48422783613204956,0.7359427213668823,0.25171488523483276,comparisons\noisy\cmp_0018_noisy.png
raw_0018.png,deg_0018_color_shift.png,res_0018_color_shift.png,color_shift,normal,775.4135131835938,775.4135131835938,0.0,19.23546995651542,19.23546995651542,0.0,0.9962580800056458,0.9962580800056458,0.0,comparisons\color_shift\cmp_0018_color_shift.png
raw_0019.png,deg_0019_dark.png,res_0019_dark.png,dark,dark,7109.3876953125,2554.188720703125,4555.198974609375,9.61248162669517,14.058273781472401,4.445792154777232,0.6834156513214111,0.880878210067749,0.1974625587463379,comparisons\dark\cmp_0019_dark.png
raw_0019.png,deg_0019_low_contrast.png,res_0019_low_contrast.png,low_contrast,low_contrast,1143.0904541015625,816.5496215820312,326.54083251953125,17.54999762876085,19.010977789912555,1.4609801611517064,0.8989539742469788,0.9759055972099304,0.07695162296295166,comparisons\low_contrast\cmp_0019_low_contrast.png
raw_0019.png,deg_0019_blurry.png,res_0019_blurry.png,blurry,blurry,95.05035400390625,88.4514389038086,6.598915100097656,28.351266221845254,28.663754585808896,0.31248836396364155,0.867759108543396,0.8744200468063354,0.006660938262939453,comparisons\blurry\cmp_0019_blurry.png
raw_0019.png,deg_0019_noisy.png,res_0019_noisy.png,noisy,noisy,588.0406494140625,136.6880645751953,451.3525848388672,20.436730123325386,26.773497666763358,6.336767543437972,0.36002084612846375,0.695957362651825,0.3359365165233612,comparisons\noisy\cmp_0019_noisy.png
raw_0019.png,deg_0019_color_shift.png,res_0019_color_shift.png,color_shift,normal,927.129150390625,927.129150390625,0.0,18.459401246790296,18.459401246790296,0.0,0.9966418743133545,0.9966418743133545,0.0,comparisons\color_shift\cmp_0019_color_shift.png
raw_0020.png,deg_0020_dark.png,res_0020_dark.png,dark,dark,7984.8017578125,3431.9140625,4552.8876953125,9.108162226798042,12.775439565890634,3.6672773390925926,0.7132123708724976,0.8964481949806213,0.18323582410812378,comparisons\dark\cmp_0020_dark.png
raw_0020.png,deg_0020_low_contrast.png,res_0020_low_contrast.png,low_contrast,low_contrast,2643.53662109375,2638.445068359375,5.091552734375,13.908950297739244,13.917323041424298,0.008372743685054473,0.9491681456565857,0.9660075902938843,0.016839444637298584,comparisons\low_contrast\cmp_0020_low_contrast.png
raw_0020.png,deg_0020_blurry.png,res_0020_blurry.png,blurry,low_contrast,60.462890625,510.1715393066406,-449.7086486816406,30.31591454670547,21.053641336949628,-9.262273209755843,0.9158748984336853,0.8575093150138855,-0.058365583419799805,comparisons\blurry\cmp_0020_blurry.png
raw_0020.png,deg_0020_noisy.png,res_0020_noisy.png,noisy,low_contrast,487.02587890625,2002.9710693359375,-1515.9451904296875,21.255283221017898,15.11405684424309,-6.141226376774808,0.28421759605407715,0.11742465198040009,-0.16679294407367706,comparisons\noisy\cmp_0020_noisy.png
raw_0020.png,deg_0020_color_shift.png,res_0020_color_shift.png,color_shift,low_contrast,381.6286315917969,377.01397705078125,4.614654541015625,22.314394107796037,22.367229097509593,0.05283498971355627,0.9945615530014038,0.9105824828147888,-0.08397907018661499,comparisons\color_shift\cmp_0020_color_shift.png
raw_0021.png,deg_0021_dark.png,res_0021_dark.png,dark,dark,6008.169921875,2485.883544921875,3522.286376953125,10.34338154067352,14.175995812857163,3.832614272183644,0.6382445096969604,0.8684288859367371,0.2301843762397766,comparisons\dark\cmp_0021_dark.png
raw_0021.png,deg_0021_low_contrast.png,res_0021_low_contrast.png,low_contrast,low_contrast,2067.710693359375,1461.54541015625,606.165283203125,14.975905871167207,16.482680474529992,1.5067746033627856,0.7426145076751709,0.8836608529090881,0.14104634523391724,comparisons\low_contrast\cmp_0021_low_contrast.png
raw_0021.png,deg_0021_blurry.png,res_0021_blurry.png,blurry,blurry,502.9139404296875,487.7255554199219,15.188385009765625,21.11586686734798,21.24904848895202,0.13318162160404157,0.5840590596199036,0.5948441624641418,0.010785102844238281,comparisons\blurry\cmp_0021_blurry.png
raw_0021.png,deg_0021_noisy.png,res_0021_noisy.png,noisy,noisy,542.8157958984375,378.11358642578125,164.70220947265625,20.784278837598844,22.354580781000976,1.5703019434021321,0.5580652356147766,0.610008716583252,0.05194348096847534,comparisons\noisy\cmp_0021_noisy.png
raw_0021.png,deg_0021_color_shift.png,res_0021_color_shift.png,color_shift,noisy,698.3047485351562,956.3490600585938,-258.0443115234375,19.690353655752773,18.32463925507653,-1.365714400676243,0.9962445497512817,0.7752993106842041,-0.22094523906707764,comparisons\color_shift\cmp_0021_color_shift.png
raw_0022.png,deg_0022_dark.png,res_0022_dark.png,dark,dark,4514.64306640625,1648.4864501953125,2866.1566162109375,11.584569407516806,15.959949790760852,4.375380383244046,0.6624526977539062,0.9009770750999451,0.23852437734603882,comparisons\dark\cmp_0022_dark.png
raw_0022.png,deg_0022_low_contrast.png,res_0022_low_contrast.png,low_contrast,low_contrast,1745.2447509765625,782.582275390625,962.6624755859375,15.712240203779015,19.195503534739835,3.4832633309608205,0.7698015570640564,0.9068475365638733,0.1370459794998169,comparisons\low_contrast\cmp_0022_low_contrast.png
raw_0022.png,deg_0022_blurry.png,res_0022_blurry.png,blurry,blurry,130.57586669921875,118.8488540649414,11.727012634277344,26.972174437133575,27.380853622304834,0.408679185171259,0.873956561088562,0.8821466565132141,0.0081900954246521,comparisons\blurry\cmp_0022_blurry.png
raw_0022.png,deg_0022_noisy.png,res_0022_noisy.png,noisy,noisy,559.3313598632812,130.59889221191406,428.7324676513672,20.654111913988228,26.971408677595846,6.317296763607619,0.42465803027153015,0.7445688247680664,0.31991079449653625,comparisons\noisy\cmp_0022_noisy.png
raw_0022.png,deg_0022_color_shift.png,res_0022_color_shift.png,color_shift,normal,527.5588989257812,527.5588989257812,0.0,20.90809407702914,20.90809407702914,0.0,0.9950084090232849,0.9950084090232849,0.0,comparisons\color_shift\cmp_0022_color_shift.png
raw_0023.png,deg_0023_dark.png,res_0023_dark.png,dark,dark,4256.1181640625,1427.9755859375,2828.142578125,11.840666839474796,16.58359578486062,4.742928945385824,0.6630696654319763,0.8984308242797852,0.23536115884780884,comparisons\dark\cmp_0023_dark.png
raw_0023.png,deg_0023_low_contrast.png,res_0023_low_contrast.png,low_contrast,low_contrast,1623.1729736328125,853.1051025390625,770.06787109375,16.02715557929271,18.820778213289056,2.793622633996346,0.7714353799819946,0.9007812738418579,0.12934589385986328,comparisons\low_contrast\cmp_0023_low_contrast.png
raw_0023.png,deg_0023_blurry.png,res_0023_blurry.png,blurry,blurry,80.05436706542969,71.84820556640625,8.206161499023438,29.096953326614795,29.566644349159628,0.46969102254483275,0.8910045027732849,0.8985394835472107,0.007534980773925781,comparisons\blurry\cmp_0023_blurry.png
raw_0023.png,deg_0023_noisy.png,res_0023_noisy.png,noisy,noisy,570.2413940429688,121.93181610107422,448.30957794189453,20.570216211460597,27.26963318463283,6.699416973172234,0.4025196135044098,0.7410094141960144,0.3384898006916046,comparisons\noisy\cmp_0023_noisy.png
raw_0023.png,deg_0023_color_shift.png,res_0023_color_shift.png,color_shift,normal,547.1942138671875,547.1942138671875,0.0,20.749388644417387,20.749388644417387,0.0,0.9962180256843567,0.9962180256843567,0.0,comparisons\color_shift\cmp_0023_color_shift.png
raw_0024.png,deg_0024_dark.png,res_0024_dark.png,dark,dark,2748.99609375,657.7315063476562,2091.2645874023438,13.739062381448585,19.95031715138793,6.211254769939346,0.6754108667373657,0.9263037443161011,0.25089287757873535,comparisons\dark\cmp_0024_dark.png
raw_0024.png,deg_0024_low_contrast.png,res_0024_low_contrast.png,low_contrast,low_contrast,1417.3221435546875,1145.4234619140625,271.898681640625,16.616117884839404,17.541142862677816,0.9250249778384116,0.8015584945678711,0.8951716423034668,0.0936131477355957,comparisons\low_contrast\cmp_0024_low_contrast.png
raw_0024.png,deg_0024_blurry.png,res_0024_blurry.png,blurry,dark,79.85667419433594,1338.230224609375,-1258.373550415039,29.107691417754886,16.865495264522554,-12.242196153232332,0.8576166033744812,0.7612718939781189,-0.0963447093963623,comparisons\blurry\cmp_0024_blurry.png
raw_0024.png,deg_0024_noisy.png,res_0024_noisy.png,noisy,dark,582.3016967773438,1818.1650390625,-1235.8633422851562,20.479323052610635,15.534470582740598,-4.944852469870037,0.3598770797252655,0.3160625696182251,-0.043814510107040405,comparisons\noisy\cmp_0024_noisy.png
raw_0024.png,deg_0024_color_shift.png,res_0024_color_shift.png,color_shift,dark,377.1145935058594,1462.4808349609375,-1085.3662414550781,22.366070218952423,16.47990177276254,-5.886168446189885,0.9966901540756226,0.9019041657447815,-0.09478598833084106,comparisons\color_shift\cmp_0024_color_shift.png
raw_0025.png,deg_0025_dark.png,res_0025_dark.png,dark,dark,4073.210205078125,1340.8602294921875,2732.3499755859375,12.031435376834976,16.856968512668065,4.825533135833089,0.6925058960914612,0.9248015284538269,0.23229563236236572,comparisons\dark\cmp_0025_dark.png
raw_0025.png,deg_0025_low_contrast.png,res_0025_low_contrast.png,low_contrast,low_contrast,1398.6949462890625,1045.462646484375,353.2322998046875,16.673573551605735,17.93771840419642,1.264144852590686,0.8541576266288757,0.9146562218666077,0.060498595237731934,comparisons\low_contrast\cmp_0025_low_contrast.png
raw_0025.png,deg_0025_blurry.png,res_0025_blurry.png,blurry,blurry,99.16129302978516,90.8102035522461,8.351089477539062,28.16738179681774,28.549457117138843,0.38207532032110336,0.9070632457733154,0.9130812883377075,0.00601804256439209,comparisons\blurry\cmp_0025_blurry.png
raw_0025.png,deg_0025_noisy.png,res_0025_noisy.png,noisy,noisy,583.8206787109375,122.73641204833984,461.08426666259766,20.46800887394734,27.241069374583947,6.773060500636607,0.3297889232635498,0.6990552544593811,0.3692663311958313,comparisons\noisy\cmp_0025_noisy.png
raw_0025.png,deg_0025_color_shift.png,res_0025_color_shift.png,color_shift,normal,466.71832275390625,466.71832275390625,0.0,21.440255098119536,21.440255098119536,0.0,0.9959424734115601,0.9959424734115601,0.0,comparisons\color_shift\cmp_0025_color_shift.png
raw_0026.png,deg_0026_dark.png,res_0026_dark.png,dark,dark,2134.983154296875,461.1274108886719,1673.8557434082031,14.836859082163636,21.492594220276622,6.655735138112986,0.7060081362724304,0.952015221118927,0.24600708484649658,comparisons\dark\cmp_0026_dark.png
raw_0026.png,deg_0026_low_contrast.png,res_0026_low_contrast.png,low_contrast,low_contrast,1850.3812255859375,1618.320556640625,232.0606689453125,15.458191475395196,16.040158100988805,0.5819666255936085,0.7574757933616638,0.8013938069343567,0.04391801357269287,comparisons\low_contrast\cmp_0026_low_contrast.png
raw_0026.png,deg_0026_blurry.png,res_0026_blurry.png,blurry,dark,25.467060089111328,1142.673583984375,-1117.2065238952637,34.07101547854409,17.551581732723946,-16.519433745820145,0.9593561291694641,0.8306729197502136,-0.1286832094192505,comparisons\blurry\cmp_0026_blurry.png
raw_0026.png,deg_0026_noisy.png,res_0026_noisy.png,noisy,dark,542.4959716796875,1785.2119140625,-1242.7159423828125,20.786838432022346,15.613905843158564,-5.172932588863782,0.2936384379863739,0.20182251930236816,-0.09181591868400574,comparisons\noisy\cmp_0026_noisy.png
raw_0026.png,deg_0026_color_shift.png,res_0026_color_shift.png,color_shift,dark,332.6081848144531,1261.569580078125,-928.9613952636719,22.91147428744434,17.121691524585163,-5.789782762859176,0.9898287057876587,0.8817527294158936,-0.10807597637176514,comparisons\color_shift\cmp_0026_color_shift.png
raw_0027.png,deg_0027_dark.png,res_0027_dark.png,dark,dark,1540.36279296875,453.2203063964844,1087.1424865722656,16.254573410519313,21.567710008098864,5.31313659757955,0.6714741587638855,0.9255027174949646,0.2540285587310791,comparisons\dark\cmp_0027_dark.png
raw_0027.png,deg_0027_low_contrast.png,res_0027_low_contrast.png,low_contrast,low_contrast,2750.694580078125,2208.936767578125,541.7578125,13.736379891442903,14.688970768140157,0.9525908766972542,0.5672144889831543,0.6505972146987915,0.08338272571563721,comparisons\low_contrast\cmp_0027_low_contrast.png
raw_0027.png,deg_0027_blurry.png,res_0027_blurry.png,blurry,dark,71.4407730102539,983.2293090820312,-911.7885360717773,29.59134215767495,18.204255449125416,-11.387086708549536,0.91228848695755,0.7040688395500183,-0.20821964740753174,comparisons\blurry\cmp_0027_blurry.png
raw_0027.png,deg_0027_noisy.png,res_0027_noisy.png,noisy,dark,479.6715393066406,1708.48681640625,-1228.8152770996094,21.32136409941646,15.804687289676082,-5.516676809740378,0.37650981545448303,0.25189030170440674,-0.1246195137500763,comparisons\noisy\cmp_0027_noisy.png
raw_0027.png,deg_0027_color_shift.png,res_0027_color_shift.png,color_shift,dark,191.384521484375,1136.890380859375,-945.505859375,25.31173550236658,17.573617689004454,-7.738117813362127,0.9957926273345947,0.7747601270675659,-0.2210325002670288,comparisons\color_shift\cmp_0027_color_shift.png
raw_0028.png,deg_0028_dark.png,res_0028_dark.png,dark,dark,3385.615966796875,1058.7510986328125,2326.8648681640625,12.834426666814743,17.88286486875149,5.048438201936747,0.6553869247436523,0.8976541757583618,0.24226725101470947,comparisons\dark\cmp_0028_dark.png
raw_0028.png,deg_0028_low_contrast.png,res_0028_low_contrast.png,low_contrast,low_contrast,1753.6220703125,1112.7113037109375,640.9107666015625,15.691443581907931,17.66697860925731,1.9755350273493786,0.7489975690841675,0.8743526935577393,0.12535512447357178,comparisons\low_contrast\cmp_0028_low_contrast.png
raw_0028.png,deg_0028_blurry.png,res_0028_blurry.png,blurry,blurry,130.51248168945312,121.42621612548828,9.086265563964844,26.974283130278046,27.28767899091838,0.313395860640334,0.8208041787147522,0.8296366930007935,0.00883251428604126,comparisons\blurry\cmp_0028_blurry.png
raw_0028.png,deg_0028_noisy.png,res_0028_noisy.png,noisy,noisy,556.1203002929688,151.56094360351562,404.5593566894531,20.67911612267718,26.32493060381844,5.645814481141262,0.4337206780910492,0.7147135138511658,0.2809928357601166,comparisons\noisy\cmp_0028_noisy.png
raw_0028.png,deg_0028_color_shift.png,res_0028_color_shift.png,color_shift,normal,424.4038391113281,424.4038391113281,0.0,21.85301057039823,21.85301057039823,0.0,0.9969556331634521,0.9969556331634521,0.0,comparisons\color_shift\cmp_0028_color_shift.png
raw_0029.png,deg_0029_dark.png,res_0029_dark.png,dark,dark,7160.5087890625,2606.542724609375,4553.966064453125,9.58136478723209,13.97015512897786,4.38879034174577,0.6810343861579895,0.8777611255645752,0.1967267394065857,comparisons\dark\cmp_0029_dark.png
raw_0029.png,deg_0029_low_contrast.png,res_0029_low_contrast.png,low_contrast,low_contrast,1132.8018798828125,583.3910522460938,549.4108276367188,17.58926399810657,20.47120597017999,2.8819419720734203,0.882757306098938,0.9619314670562744,0.07917416095733643,comparisons\low_contrast\cmp_0029_low_contrast.png
raw_0029.png,deg_0029_blurry.png,res_0029_blurry.png,blurry,blurry,158.13539123535156,146.67771911621094,11.457672119140625,26.140512834838407,26.467162129400307,0.32664929456189995,0.837638258934021,0.8471237421035767,0.009485483169555664,comparisons\blurry\cmp_0029_blurry.png
raw_0029.png,deg_0029_noisy.png,res_0029_noisy.png,noisy,noisy,588.9224243164062,141.3309326171875,447.59149169921875,20.43022269663435,26.628431360700517,6.198208664066168,0.37912142276763916,0.7054324746131897,0.32631105184555054,comparisons\noisy\cmp_0029_noisy.png
raw_0029.png,deg_0029_color_shift.png,res_0029_color_shift.png,color_shift,color_shift,861.1829833984375,93.96509552001953,767.217887878418,18.779849211019375,28.401138012912487,9.621288801893112,0.9948111772537231,0.995484471321106,0.0006732940673828125,comparisons\color_shift\cmp_0029_color_shift.png
raw_0030.png,deg_0030_dark.png,res_0030_dark.png,dark,dark,7580.07421875,3083.374755859375,4496.699462890625,9.33406902909237,13.240540484311406,3.9064714552190356,0.6819002628326416,0.8772578239440918,0.1953575611114502,comparisons\dark\cmp_0030_dark.png
raw_0030.png,deg_0030_low_contrast.png,res_0030_low_contrast.png,low_contrast,low_contrast,1818.470703125,1372.837158203125,445.633544921875,15.533740522182526,16.75461335275739,1.2208728305748622,0.8141992688179016,0.8909698128700256,0.07677054405212402,comparisons\low_contrast\cmp_0030_low_contrast.png
raw_0030.png,deg_0030_blurry.png,res_0030_blurry.png,blurry,blurry,164.72413635253906,156.07786560058594,8.646270751953125,25.96323121645209,26.197390435141617,0.23415921868952694,0.807633638381958,0.8163805603981018,0.008746922016143799,comparisons\blurry\cmp_0030_blurry.png
raw_0030.png,deg_0030_noisy.png,res_0030_noisy.png,noisy,noisy,555.2025756835938,160.60792541503906,394.5946502685547,20.686288886470173,26.073133885485813,5.38684499901564,0.3766159117221832,0.6715367436408997,0.29492083191871643,comparisons\noisy\cmp_0030_noisy.png
raw_0030.png,deg_0030_color_shift.png,res_0030_color_shift.png,color_shift,color_shift,791.8895263671875,203.8533172607422,588.0362091064453,19.144157618991176,25.037625778424847,5.89346815943367,0.9952663779258728,0.9926837682723999,-0.0025826096534729004,comparisons\color_shift\cmp_0030_color_shift.png
raw_0031.png,deg_0031_dark.png,res_0031_dark.png,dark,dark,9846.8681640625,4368.60400390625,5478.26416015625,8.19782237511598,11.72737681393574,3.52955443881976,0.6672862768173218,0.8597827553749084,0.19249647855758667,comparisons\dark\cmp_0031_dark.png
raw_0031.png,deg_0031_low_contrast.png,res_0031_low_contrast.png,low_contrast,low_contrast,2013.1834716796875,1434.777099609375,578.4063720703125,15.091970047039913,16.562959245566574,1.4709891985266612,0.8585400581359863,0.961823582649231,0.10328352451324463,comparisons\low_contrast\cmp_0031_low_contrast.png
raw_0031.png,deg_0031_blurry.png,res_0031_blurry.png,blurry,blurry,164.0093994140625,153.7865753173828,10.222824096679688,25.982116225965246,26.261619351557414,0.27950312559216783,0.79073566198349,0.801037609577179,0.010301947593688965,comparisons\blurry\cmp_0031_blurry.png
raw_0031.png,deg_0031_noisy.png,res_0031_noisy.png,noisy,noisy,539.4244384765625,159.09481811523438,380.3296203613281,20.811497427126753,26.11424326416861,5.302745837041858,0.4542993903160095,0.7164435386657715,0.26214414834976196,comparisons\noisy\cmp_0031_noisy.png
raw_0031.png,deg_0031_color_shift.png,res_0031_color_shift.png,color_shift,color_shift,983.8707885742188,126.6409683227539,857.2298202514648,18.20142294442554,27.10506138296452,8.90363843853898,0.9963434934616089,0.9966515302658081,0.00030803680419921875,comparisons\color_shift\cmp_0031_color_shift.png
raw_0032.png,deg_0032_dark.png,res_0032_dark.png,dark,dark,8939.828125,3744.135009765625,5195.693115234375,8.617511916336952,12.397288602946153,3.7797766866092015,0.7121042609214783,0.910282552242279,0.19817829132080078,comparisons\dark\cmp_0032_dark.png
raw_0032.png,deg_0032_low_contrast.png,res_0032_low_contrast.png,low_contrast,low_contrast,1831.9166259765625,1613.350830078125,218.5657958984375,15.501746566574042,16.05351544006067,0.5517688734866297,0.8938242793083191,0.9283068776130676,0.034482598304748535,comparisons\low_contrast\cmp_0032_low_contrast.png
raw_0032.png,deg_0032_blurry.png,res_0032_blurry.png,blurry,blurry,64.72837829589844,61.324344635009766,3.404033660888672,30.0198563452301,30.254474452111705,0.23461810688160512,0.8926624059677124,0.896755039691925,0.0040926337242126465,comparisons\blurry\cmp_0032_blurry.png
raw_0032.png,deg_0032_noisy.png,res_0032_noisy.png,noisy,noisy,572.8802490234375,125.60894012451172,447.2713088989258,20.55016511367464,27.140598097743172,6.590432984068531,0.28118962049484253,0.6439771056175232,0.36278748512268066,comparisons\noisy\cmp_0032_noisy.png
raw_0032.png,deg_0032_color_shift.png,res_0032_color_shift.png,color_shift,color_shift,1197.6739501953125,193.2471923828125,1004.4267578125,17.347417572585023,25.269671679360698,7.922254106775675,0.9974415898323059,0.9970830678939819,-0.0003585219383239746,comparisons\color_shift\cmp_0032_color_shift.png
raw_0033.png,deg_0033_dark.png,res_0033_dark.png,dark,dark,4340.24267578125,1116.0322265625,3224.21044921875,11.755663479899104,17.654036253916274,5.8983727740171705,0.6659603714942932,0.900170087814331,0.23420971632003784,comparisons\dark\cmp_0033_dark.png
raw_0033.png,deg_0033_low_contrast.png,res_0033_low_contrast.png,low_contrast,low_contrast,799.28515625,599.3203125,199.96484375,19.103786132284174,20.35421363569943,1.2504275034152563,0.8525944948196411,0.948565661907196,0.09597116708755493,comparisons\low_contrast\cmp_0033_low_contrast.png
raw_0033.png,deg_0033_blurry.png,res_0033_blurry.png,blurry,low_contrast,102.16107940673828,606.0191650390625,-503.8580856323242,28.037948879485572,20.30594002148655,-7.732008857999023,0.7891753911972046,0.7747030258178711,-0.014472365379333496,comparisons\blurry\cmp_0033_blurry.png
raw_0033.png,deg_0033_noisy.png,res_0033_noisy.png,noisy,noisy,606.915771484375,154.38856506347656,452.52720642089844,20.299519375319353,26.244652301126173,5.945132925806821,0.39029601216316223,0.6839491724967957,0.2936531603336334,comparisons\noisy\cmp_0033_noisy.png
raw_0033.png,deg_0033_color_shift.png,res_0033_color_shift.png,color_shift,low_contrast,603.64208984375,1270.89306640625,-667.2509765625,20.32300846879018,17.089713505368856,-3.2332949634213257,0.9976596236228943,0.8395805954933167,-0.15807902812957764,comparisons\color_shift\cmp_0033_color_shift.png
raw_0034.png,deg_0034_dark.png,res_0034_dark.png,dark,dark,4505.36279296875,1694.05224609375,2811.310546875,11.593505927136418,15.841535606345445,4.2480296792090275,0.6573017835617065,0.8903574347496033,0.23305565118789673,comparisons\dark\cmp_0034_dark.png
raw_0034.png,deg_0034_low_contrast.png,res_0034_low_contrast.png,low_contrast,low_contrast,1893.23681640625,1628.9993896484375,264.2374267578125,15.358754195793425,16.01159439280313,0.652840197009704,0.7660754919052124,0.8663505911827087,0.10027509927749634,comparisons\low_contrast\cmp_0034_low_contrast.png
raw_0034.png,deg_0034_blurry.png,res_0034_blurry.png,blurry,blurry,135.09181213378906,125.48368072509766,9.608131408691406,26.824513334807726,27.144931117988893,0.320417783181167,0.8157609701156616,0.8256497383117676,0.009888768196105957,comparisons\blurry\cmp_0034_blurry.png
raw_0034.png,deg_0034_noisy.png,res_0034_noisy.png,noisy,noisy,554.8232421875,151.52879333496094,403.29444885253906,20.68925714987298,26.325851960273358,5.6365948104003785,0.42734283208847046,0.7118598222732544,0.28451699018478394,comparisons\noisy\cmp_0034_noisy.png
raw_0034.png,deg_0034_color_shift.png,res_0034_color_shift.png,color_shift,normal,553.11669921875,553.11669921875,0.0,20.70263590359194,20.70263590359194,0.0,0.9964863061904907,0.9964863061904907,0.0,comparisons\color_shift\cmp_0034_color_shift.png
raw_0035.png,deg_0035_dark.png,res_0035_dark.png,dark,dark,4353.9912109375,1499.4052734375,2854.5859375,11.74192812838351,16.371613269329938,4.629685140946428,0.6975088119506836,0.9262920618057251,0.2287832498550415,comparisons\dark\cmp_0035_dark.png
raw_0035.png,deg_0035_low_contrast.png,res_0035_low_contrast.png,low_contrast,low_contrast,1597.304443359375,1105.960205078125,491.34423828125,16.096926610913783,17.69340860504936,1.5964819941355763,0.8142903447151184,0.8796201348304749,0.06532979011535645,comparisons\low_contrast\cmp_0035_low_contrast.png
raw_0035.png,deg_0035_blurry.png,res_0035_blurry.png,blurry,blurry,83.73484802246094,77.61219787597656,6.122650146484375,28.901741244494026,29.23150378605613,0.32976254156210416,0.9081531167030334,0.9141204953193665,0.005967378616333008,comparisons\blurry\cmp_0035_blurry.png
raw_0035.png,deg_0035_noisy.png,res_0035_noisy.png,noisy,noisy,571.12353515625,126.57999420166016,444.54354095458984,20.563503037010598,27.107152894234186,6.543649857223588,0.32347041368484497,0.6878864765167236,0.36441606283187866,comparisons\noisy\cmp_0035_noisy.png
raw_0035.png,deg_0035_color_shift.png,res_0035_color_shift.png,color_shift,color_shift,501.4013366699219,62.49601745605469,438.9053192138672,21.128948734722833,30.172280179553116,9.043331444830283,0.9965672492980957,0.9954001903533936,-0.0011670589447021484,comparisons\color_shift\cmp_0035_color_shift.png
raw_0036.png,deg_0036_dark.png,res_0036_dark.png,dark,dark,4135.5712890625,1529.1646728515625,2606.4066162109375,11.965448492647644,16.286261045858218,4.320812553210574,0.6603371500968933,0.8857954740524292,0.2254583239555359,comparisons\dark\cmp_0036_dark.png
raw_0036.png,deg_0036_low_contrast.png,res_0036_low_contrast.png,low_contrast,low_contrast,2240.603515625,1358.49169921875,882.11181640625,14.627153478001805,16.80023371772084,2.1730802397190345,0.6705664992332458,0.7935106158256531,0.12294411659240723,comparisons\low_contrast\cmp_0036_low_contrast.png
raw_0036.png,deg_0036_blurry.png,res_0036_blurry.png,blurry,blurry,172.76248168945312,158.43605041503906,14.326431274414062,25.756309269170025,26.132263533432667,0.3759542642626421,0.8478635549545288,0.8589334487915039,0.011069893836975098,comparisons\blurry\cmp_0036_blurry.png
raw_0036.png,deg_0036_noisy.png,res_0036_noisy.png,noisy,noisy,515.6222534179688,138.9085235595703,376.71372985839844,21.007487083384625,26.703514655887957,5.696027572503333,0.4386369585990906,0.7482195496559143,0.30958259105682373,comparisons\noisy\cmp_0036_noisy.png
raw_0036.png,deg_0036_color_shift.png,res_0036_color_shift.png,color_shift,normal,487.69439697265625,487.69439697265625,0.0,21.249325947736487,21.249325947736487,0.0,0.9951061010360718,0.9951061010360718,0.0,comparisons\color_shift\cmp_0036_color_shift.png
raw_0037.png,deg_0037_dark.png,res_0037_dark.png,dark,dark,3440.068115234375,954.8145751953125,2485.2535400390625,12.76513318942441,18.33161320999696,5.566480020572548,0.6627031564712524,0.9067579507827759,0.24405479431152344,comparisons\dark\cmp_0037_dark.png
raw_0037.png,deg_0037_low_contrast.png,res_0037_low_contrast.png,low_contrast,low_contrast,1543.804443359375,1095.350341796875,448.4541015625,16.244880742909686,17.735273127656036,1.4903923847463503,0.8118317127227783,0.9160878658294678,0.10425615310668945,comparisons\low_contrast\cmp_0037_low_contrast.png
raw_0037.png,deg_0037_blurry.png,res_0037_blurry.png,blurry,blurry,170.24252319335938,162.18089294433594,8.061630249023438,25.820123134529553,26.03080673616901,0.210683601639456,0.7904731035232544,0.7982519865036011,0.00777888298034668,comparisons\blurry\cmp_0037_blurry.png
raw_0037.png,deg_0037_noisy.png,res_0037_noisy.png,noisy,noisy,559.9005126953125,187.04501342773438,372.8554992675781,20.64969495693621,25.411342263592736,4.761647306656528,0.4140859544277191,0.6741378307342529,0.2600518763065338,comparisons\noisy\cmp_0037_noisy.png
raw_0037.png,deg_0037_color_shift.png,res_0037_color_shift.png,color_shift,normal,465.99530029296875,465.99530029296875,0.0,21.44698824150276,21.44698824150276,0.0,0.9957439303398132,0.9957439303398132,0.0,comparisons\color_shift\cmp_0037_color_shift.png
raw_0038.png,deg_0038_dark.png,res_0038_dark.png,dark,dark,807.4075927734375,181.01876831054688,626.3888244628906,19.05987531716204,25.55356755329457,6.4936922361325315,0.6898841261863708,0.9443681240081787,0.25448399782180786,comparisons\dark\cmp_0038_dark.png
raw_0038.png,deg_0038_low_contrast.png,res_0038_low_contrast.png,low_contrast,low_contrast,2929.04541015625,2712.611328125,216.43408203125,13.463542560939912,13.796927897907874,0.3333853369679627,0.5432140827178955,0.5841949582099915,0.04098087549209595,comparisons\low_contrast\cmp_0038_low_contrast.png
raw_0038.png,deg_0038_blurry.png,res_0038_blurry.png,blurry,dark,50.42931365966797,962.5734252929688,-912.1441116333008,31.10397303393831,18.29646493354054,-12.807508100397769,0.9068408012390137,0.6816452145576477,-0.22519558668136597,comparisons\blurry\cmp_0038_blurry.png
raw_0038.png,deg_0038_noisy.png,res_0038_noisy.png,noisy,dark,470.41845703125,1781.7919921875,-1311.37353515625,21.40596007770978,15.622233580907032,-5.783726496802746,0.3250369429588318,0.17797496914863586,-0.14706197381019592,comparisons\noisy\cmp_0038_noisy.png
raw_0038.png,deg_0038_color_shift.png,res_0038_color_shift.png,color_shift,dark,98.37266540527344,1179.4232177734375,-1081.050552368164,28.20205922119729,17.41410687950426,-10.787952341693028,0.9967309832572937,0.7512673735618591,-0.24546360969543457,comparisons\color_shift\cmp_0038_color_shift.png
raw_0039.png,deg_0039_dark.png,res_0039_dark.png,dark,dark,4216.7216796875,1258.121826171875,2958.599853515625,11.881054240609863,17.133576642161284,5.2525224015514205,0.665094256401062,0.9032339453697205,0.23813968896865845,comparisons\dark\cmp_0039_dark.png
raw_0039.png,deg_0039_low_contrast.png,res_0039_low_contrast.png,low_contrast,low_contrast,1198.6640625,725.5590209960938,473.10504150390625,17.34382876055115,19.524076147346147,2.1802473867949956,0.8261799812316895,0.9345433115959167,0.1083633303642273,comparisons\low_contrast\cmp_0039_low_contrast.png
raw_0039.png,deg_0039_blurry.png,res_0039_blurry.png,blurry,blurry,344.05975341796875,329.23297119140625,14.8267822265625,22.76446487115774,22.955770395237177,0.19130552407943568,0.7942652702331543,0.8034005761146545,0.009135305881500244,comparisons\blurry\cmp_0039_blurry.png
raw_0039.png,deg_0039_noisy.png,res_0039_noisy.png,noisy,noisy,591.3355102539062,263.9363708496094,327.3991394042969,20.412464012933555,23.915811200570914,3.5033471876373596,0.4309915602207184,0.6969582438468933,0.2659666836261749,comparisons\noisy\cmp_0039_noisy.png
raw_0039.png,deg_0039_color_shift.png,res_0039_color_shift.png,color_shift,normal,556.2236938476562,556.2236938476562,0.0,20.678308760015433,20.678308760015433,0.0,0.9972251653671265,0.9972251653671265,0.0,comparisons\color_shift\cmp_0039_color_shift.png
raw_0040.png,deg_0040_dark.png,res_0040_dark.png,dark,dark,5409.3828125,1846.1221923828125,3563.2606201171875,10.799326440822545,15.468199178501113,4.6688727376785675,0.6634896397590637,0.8828735947608948,0.21938395500183105,comparisons\dark\cmp_0040_dark.png
raw_0040.png,deg_0040_low_contrast.png,res_0040_low_contrast.png,low_contrast,low_contrast,1308.0908203125,444.6514587402344,863.4393615722656,16.96442462910791,21.650606394511428,4.686181765403518,0.8150600790977478,0.9504076242446899,0.13534754514694214,comparisons\low_contrast\cmp_0040_low_contrast.png
raw_0040.png,deg_0040_blurry.png,res_0040_blurry.png,blurry,blurry,57.95002365112305,52.86709976196289,5.082923889160156,30.50026743319803,30.898948747851772,0.3986813146537429,0.8912166953086853,0.8973055481910706,0.006088852882385254,comparisons\blurry\cmp_0040_blurry.png
raw_0040.png,deg_0040_noisy.png,res_0040_noisy.png,noisy,noisy,584.8787231445312,123.03455352783203,461.8441696166992,20.460145380838245,27.230532632574548,6.770387251736302,0.3962060511112213,0.7372481226921082,0.34104207158088684,comparisons\noisy\cmp_0040_noisy.png
raw_0040.png,deg_0040_color_shift.png,res_0040_color_shift.png,color_shift,color_shift,646.5921020507812,30.993755340576172,615.5983467102051,20.024499653506666,33.21806160398845,13.193561950481786,0.9955737590789795,0.9964015483856201,0.000827789306640625,comparisons\color_shift\cmp_0040_color_shift.png
